title,description,remaining_count,expiration_date
Bali,"Suspendisse congue erat ac ex venenatis mattis. Sed finibus sodales nunc, nec maximus tellus aliquam id. Maecenas non volutpat nisl. Curabitur vestibulum ante non nibh faucibus, sit amet pulvinar turpis finibus",5,19/11/2030
Madeira,"Donec condimentum, risus non mollis sollicitudin, est neque sagittis metus, eget aliquam orci quam eget dui. Nam imperdiet, lorem quis lacinia imperdiet, augue libero tincidunt sem, eget pulvinar massa est non metus. Pellentesque et massa nibh.",4,20/11/2030
Paris trip,"Pellentesque non aliquam eros, quis posuere leo. Nullam sit amet tempor orci. Phasellus quam velit, aliquet nec nisl et, commodo rutrum lorem. Proin egestas nisl eget magna commodo sagittis. Integer egestas sodales mi eu maximus.",3,21/11/2030
F1 stage,"Lorem ipsum dolor sit amet, consectetur adipiscing elit. Aliquam in augue ut velit condimentum",2,22/11/2030
Hot air balloon,"Etiam molestie sem id luctus facilisis. Proin vestibulum, mauris vitae suscipit suscipit, metus enim faucibus metus, a bibendum nibh lorem id nisl",1,23/11/2021
Route 66,"Quisque at feugiat purus. Praesent feugiat eget sem quis tincidunt. Aliquam dui magna, auctor sit amet turpis nec, porttitor porta ero",0,24/11/2022
Milano,Nunc laoreet purus eget tristique suscipit.,1,25/11/2030
Italy,Suspendisse potenti,2,26/11/2030
Rome,"Suspendisse dui felis, convallis in tortor vitae, lobortis molestie leo",5,27/11/2030
France,Ut at euismod massa,4,28/11/2030
Versailles,"Sed tristique quam in elit bibendum tristique. Aliquam auctor, ante et pellentesque tristique, ipsum urna condimentum ante, vitae sodales ipsum augue ac massa.",3,29/11/2030
London,Vestibulum in purus eu massa rutrum pretium ut non metus. Donec condimentum id elit eu convallis,2,30/11/2030
London,Quisque ut eleifend turpis,1,01/12/2023
Halifax,"Nudus, turpis, Putridus, findere, Acerbus, crudus, Raptus, contemptio",2,02/12/2030
England,"Ut mauris orci, sodales ac pulvinar nec, posuere et metus.",10,03/12/2030